{"LFp18vhGo6m5o3PObsJ7Bw==":"logo%20hico%20new-1128x356.png","HNyBeon6dI9Nxd/EtgNr/A==":"logo%20hico%20new-1128x356.png","T6CE9fHHNELa+ciQLVtNpg==":"02-1999x1375.jpg","7HtLpU4zsMJvm85JA2n+dA==":"03-1999x1375.jpg","JiNlyTN5iS/4/ggGdXhBow==":"04-1999x1375.jpg","Mmcw2GEgBsbkY5rlE2dQBQ==":"05-1999x1375.jpg","MoDOp1+wGsaWtN1oenIDBw==":"06-1999x1375.jpg","DMbKhn3FPtfNpguPt/s7nA==":"07-1999x1327.jpg","6Hs8cudZAtAm/WiJenD5zQ==":"08-3779x2509.jpg","RmbYXfmIIDaqujeKpXqm3g==":"layer%200-3171x3465.png","phRDCicYagIxnp55O1k8AA==":"05-3779x2599.jpg","Mv6xZHnkt3hqvTUdPryciw==":"05-1-3779x2599.jpg","QX+GMlrb2e8V4Ki7qXjGzA==":"raf-857x720.jpg","GmX7tuPcw0xCCK9eABDUhg==":"rafff-1181x1063.jpg","PqH/VKGeuh12pg5Dla5aBA==":"safhe%20paran-3779x2509.jpg","FBk2pLgGh+/6O97ApL0pEA==":"raf-3779x2599.jpg","7HdJbYEz9ixO0aHT9pVKRA==":"safhe%20parann-3779x2509.jpg","QGN/WBGJxlFA//7cZ5Akdw==":"safhe%20parannnn-3779x2599.jpg","R0plv5tNSiJbI75F+5QVHw==":"3d-3779x2599.jpg","eEHmw1iCeFS7kLLEm9d+DQ==":"img-89575-756x980.png","PB0W/gGbaXFUKYmlb9/R5w==":"426791-200-200x200.png","t286qdpZPVegri1QwvpdnA==":"97705-200-200x200.png","3UXpS5SIXSpsa82hRkpHGA==":"04-1-1999x1375.jpg","jvzFZhUkR15UnKbYIjt1Tw==":"mbr-1440x1080.jpg","HeFFVfrsS5qqhCPcWaFy1Q==":"mbr-720x1080.jpg","G7ppxFmBiA01WEKusq5Vzg==":"01.jpg","2r+m+64ya5wkO3jYl4HQNA==":"03.jpg","1IW715m7dQ2+ThBNpPUgOw==":"02.jpg","EHLXJz30A6msu4l2DcV76A==":"background2.jpg","CGGtf1MuvLFB/KUrA/+mag==":"jumbotron.jpg","kVPbjhPPCNxzUS52KHecBw==":"sneddens_freight_services_couriers_door-to-door-786x464.jpg","kjQWUw2lvfbZiWGEuBrt3g==":"sneddens_freight_services_couriers_door-to-door-1-786x464.jpg","H+W4p/6CJonjas/SX+q8rA==":"sneddens_freight_services_couriers_door-to-door-2-786x464.jpg","biuPfT2GHOBO735IhUYspQ==":"tetakala-online-shoping-centre-posting-packages-420x154.jpg","ELXoZSoa7jdtS2HzryLfAQ==":"delivery-2000x1149.jpg","IZcPXibUHidwW1NJBdC3GA==":"delivery-1-2000x1149.jpg","sUbA98Bqa6Gfilbq/aLa/g==":"background1.jpg","Vl7K5pUQm6YhihJH6k3ivA==":"wwrwe-1400x1400.png","Plq8lDu2aMZ4J4c3Sw9xsA==":"wrtgeg-1400x1400.png","AbBzdLDYf9giw7UkI03aVw==":"wrtgeg-1-1400x1400.png","zdWhAHC3CQ+4Q9TUFnhq+A==":"worker-with-doubts_1012-193-2000x1149.jpg","s8SHCYm93G+8nDegtsxizA==":"worker-with-doubts_1012-194-2000x1149.jpg","O6HD2grOsnRoqkz3iUuQUA==":"about1-533x415.jpg","G/cW6WrKMdA7S13zCrSEVQ==":"index_right3-1366x768.jpg","Yqk92nAjX+sH+hqVXe76Cg==":"%D8%B2%D8%B2%D8%AB%D8%B2-2000x1149.jpg","Riv+I2ZA49WoqT95AnBs9Q==":"banner2-1920x533.jpg","ecV6Hug9vOeRvmgEl385XA==":"about1-1-533x415.jpg","A3bfZKhHG3GB0z29M6bW9A==":"mbr-1-720x1080.jpg","6EYMb5JLL0m/kVwp8iG6kg==":"06-3779x2599.jpg","V1eXtjHJq2pVkm2EOm4UjQ==":"raf-1999x1375.jpg","br42Pk4isOWvejAnvSt/qg==":"%D8%B2%D8%B4%D8%B2%D8%B4%D8%B3-1999x1375.jpg","sQwafLzp8n1nA48WFxclEw==":"%D8%B3%D9%84%D9%84%D8%AB%D9%82%D9%82%D8%AB-1999x1375.jpg","Zg7FaWjwiIefWjLyLQrNXg==":"%DB%8C%D8%B4%D8%B3%D8%A8%D8%B4%D8%B3%DB%8C-1999x1375.jpg","TbOOQiHyVgLBpDZ2UTYNLg==":"%D8%B4%D8%B3%D8%A8%D8%B4%D8%B3%DB%8C-1999x1375.jpg","833YaowUPZnmv1MXr8RkBA==":"04-2-1999x1375.jpg","FGlWp3f5r4WiFSKyygC3RA==":"05-1-1999x1375.jpg","BpC6ikzM43tcyP7shNhSQA==":"06-1-1999x1375.jpg","UpvBOGW51nITR4EGwVvMmA==":"07-1999x1375.jpg","SPyqwnf5VkZ8vdXXwT55ug==":"08-1999x1375.jpg","LKjNcXmfKFb6XWjYEx6/kA==":"09-1999x1375.jpg","KsS4RwIVYwOSbPIJ/JoJ3w==":"safhe%20parannnn-1999x1375.jpg","COHvS8GnwEas3soy40UqIA==":"safhe%20parannnnnnnnn-1999x1375.jpg","hOJpka/fQQxoht7rNcvxcg==":"ring-1999x1327.jpg","ZqExPQPhTOq3rcQbhrB7TA==":"img-5781-2000x1333.jpg","+r1ETzomuwalvx4KBhNXxg==":"img-5798-2000x1333.jpg","d8UQrnk5WmfniSGW3JMopA==":"img-5807-2000x1333.jpg","F5znkk0Pi3u5mEQQA3IelQ==":"04.jpg","4GPMJVyYRQ9pGCc0xJbLOw==":"08-1999x1327.jpg","+FFgXXFnntdtqZ9gi9/igQ==":"safhe%20paran-2800x1859.jpg","AgRYU/Kw66nBwrP8BMaamw==":"sdasdsa-2800x1664.png","ult5NGUE9YsnJi6LP4FrHQ==":"%D8%B4%D8%B3%D9%84%D8%A8%D8%B4%D8%B3%DB%8C%D8%A8%D8%A8%DB%8C%20(1)-1024x1024.jpg","tEQW40+deHORAwP1hEBi5A==":"sdasdsa-3022x1797.png","D9iHim9aAUccpq5RgDiM9Q==":"%D8%B4%D8%B4%D8%B3%DB%8C%D8%B4%D8%B3%DB%8C%D8%B4%D8%B3%D8%B4%D8%B3%DB%8C%D8%B3%D8%B4-3022x1797.jpg","coJpxR7z5lY9J7c+VUIbYA==":"%D8%B4%D8%B3%D9%84%D8%A8%D8%B4%D8%B3%DB%8C%D8%A8%D8%A8%DB%8C%20(2)-1024x1024.jpg","7mWVI4c5nFcfziylPtKKzA==":"%D8%B4%D8%B3%DB%8C%D8%B4%D8%B3%DB%8C%D8%B4%D8%B3%DB%8C-1024x463.jpg","o24oUHyJnLe3Og2EY/uJlA==":"bolook-600x600.jpg","BY6XIht+IT+ByIXrBZFoRw==":"45-1024x1024.jpg","FrXt3SPUU+OCL0S9hpV4WQ==":"badi%202-1564x1468.png","X2pwSp2ctoO4ZSFDGgYd5w==":"folado-1999x1375.jpg","0dChi3vknGsayWXoz1z4fw==":"half-width-12-2000x1333.jpg","j8NhEwvRijuteYX7rUDAHg==":"folado-3779x2599.jpg","msKpZfZXbpgtOsce0W7ZPA==":"03-3779x2599.jpg","+dtdUW0bpY8eYiCwscB27g==":"04-3779x2599.jpg","sRWyx2sfQktnheG74NPB6A==":"mil-1999x1375.jpg","hOdMFBtnJ14NkxxMVJwF4w==":"espero-1999x1375.jpg","XMWP1B1pia532AWw01kWSQ==":"pic-1017x740.png","C/5xBEMLi++Fn5QyUQ/9tQ==":"nasghshe-2275x1364.png","T0d5ssIXySwiMbZcGipX3w==":"layer%206%20copy-2800x1351.png","xajTuROxxzo2TS9xQM3sJQ==":"layer%206%20copy-2800x1351.jpg","huqEY3tXDzZTOIbTzBYD8Q==":"pic-1017x740.jpg","C/TjCt/qDvG5d4/2qhUw8w==":"01-3171x3465.jpg","DrCf1/MEmdiHJyrbFdqPkA==":"09-3171x3465.jpg","WjjtvwkVoEvuskol2j6FNA==":"00-3171x3465.jpg","Pgjm3sR260uwuC523rdpJQ==":"000-3171x3465.jpg","VV9dUFhpzsJVL1k8QFb/Mg==":"09-1-3171x3465.jpg","oxXaY0B3dQb1xa+bjEt6Ew==":"01-1168x1218.png","HsPviGfKW0/P16sIHQiW/Q==":"03-1132x1024.png","4945HVzT4SganITyJuMFuw==":"02-1200x925.png","rJSrVaT3uyPC4nqS0cAKrQ==":"04-1291x241.png","cT7nYbZgFl71QKm53Vwgng==":"02-1168x1218.png","rC/Re/fS6KBXvwQRYcF1VQ==":"04-1168x1218.png","jGnNzR8YapbaJCZlYd2a8A==":"06-1168x1218.png","PWxDfkhodhZB3CZt2g7Nnw==":"03-1168x1218.png","uQBamnoNajpY/ldwURhtbw==":"05-1168x1218.png","sUbaK5Yuz9MN1B1ft1sz5w==":"bolook-1-600x600.jpg","mfkDRcMmNor1OEaAlIfKlQ==":"img-5798-5760x3840.jpg","b+YCRqUWqvF+fQWa11UMtg==":"block-1999x476.jpg","eMHDXlocIIRVXNLjkLEadg==":"block-12697x3022.jpg","t/1ffoPszbOSS4U+gNsZZw==":"dkpdf-520x250.jpg","yy+ZijxbszXPLHb083zW9w==":"pdf-2166x1041.jpg","T6LSPxkRdDPmXCCRtpV86w==":"wdg-2166x1041.jpg","W5Xeca8cvD9ka6M3nIoQ7w==":"step-2166x1041.jpg","ZMAfRaEhiboHfKBUWzzcHg==":"untitled.15-3840x2400.jpg","fxTE8LrwcTnyS3A8NQkc3Q==":"untitled.15-1-3840x2400.jpg","ugnxoZnr4LptWTAlyuwKhg==":"img-69200-2000x1333.jpg","fU/Vw2rJYw2+cl0oFwuONQ==":"kafshak-3171x3465.jpg","UVD7nCJnirDHvL+hhQYySg==":"foladi-3171x3465.jpg","JDDvXt7KVbvezP334TO0xQ==":"felanch-3171x3465.jpg","ivg0m6JBynMhPOYf1alr5A==":"mil1-2463x2722.jpg","Cg3dlDtih1cwqDo1mbG6PQ==":"bosh1-2463x2722.jpg","ot4VTBPMUsAESVrvIyZ2Vg==":"bosh%202-2463x2722.jpg","KXlDOaVpBlReK3IGHYBuSw==":"mil%20p-2463x2722.jpg","we+zOCcgOBf8eRgV5VAmKA==":"t-2463x2722.jpg","xzbXtnKILkWrvMjLcPRB2Q==":"p%20bosh-2463x2722.jpg","nBnfN/Ym3C5UcPoVERowEw==":"layer%206%20copy-4729x2283.jpg","UIRFi6G3q87n2el4p6AOCg==":"ring1-1999x1375.jpg","jn3LQwvxpy7MTFje6t4trQ==":"ring1-3578x2224.png","8ZPnvWZrE1F1N3WV00/Y5g==":"ring%20jadaval-4320x2100.png","HHXufi2mCI7yfyzr4A4hQA==":"img-5781-5760x3840.jpg","MbFRXanTjBOsZabTyUTDDg==":"qqq-1620x1080.jpg","tsQMMBjKSSW7nRlDR6qafg==":"mil-1999x1375.jpg","jXwmP6HqpfmajxR+jP0eCg==":"mil-1-1999x1375.jpg","2iG4Wz4TjO+Y7De+s9VQ/A==":"img-5808-2000x1333.jpg","RcWk1YAefC1FN0/yuuyhZg==":"05-1-800x550.jpg","jJUONL1aoK0mtRE822X+Ag==":"untitled.15-1-3837x2122.jpg","zQL1epGFDumHhVho4WH9KQ==":"00-1-3171x3465.jpg","SXVk0E9xz5L36SiIA02GZA==":"pic-2544x372.png","NsgiTXUx5sFxHafk71uZGg==":"block-2800x666.jpg","RC+IvRjHuE+fj7w8h+baFg==":"ed-4302x2480.jpg","4kkfpKDV6f1SYygxjkx5zw==":"ed-1-4302x2480.jpg","fG0w5o135q/m1pvK4j9KYg==":"mostagim-409x134.png","ZFj5cv07or7ZpYGnair8kg==":"bazaar-409x134.png","Nc8nWSpTym+m+YfyWXPHNw==":"sibapp-409x134.png","jNliy7I+c2gzSt0WmlQIuA==":"mil-3779x2599.jpg","KWKddWfdaPz/32n9TOB0zQ==":"01-3062x1923.jpg","eOc2jN0hC/qSGZcdtuk1XA==":"02-3493x1923.jpg","jNmejOrjwmnWr4uXVG353w==":"02-3827x2707.jpg","+vee0Zgh5wGnrRUAaayeZQ==":"01-3539x2139.jpg","NzZiRM+MwQ4cE+oR2dMs5w==":"z011-2463x2722.jpg","nFu5/OZlF2BehkVJJlAdaA==":"adnroid-1440x2480.jpg","tGdIffQJ7AXAhyAa7/JI5g==":"telegram-1-650x300.png","s8DH5npTQ/WHBZpFRWKcMA==":"telegram-2-650x300.png","AA8XzavIoYkfmdMmp/m6mQ==":"wwrwe-1400x1400.png","RfrRLXUKN7pCBDkNeFkeSg==":"wwrwe-1-1400x1400.png","QlYReBfAUjC9c2ZJ7o2u2Q==":"felanch%20sorakh%20dar-1772x1772.jpg","jRTI2kGEmLZnHcQbZBbvEQ==":"felanch%20sachme%20ei-1772x1772.jpg","4GhQpANIbyWatHChjC7fEg==":"kafshak%20foladi%204%20rahnama%20-1772x1772.jpg","SduVh8KjvW80ACthYTkpig==":"132px-instagram_logo_2016.svg-132x132.png","4ewFnx0asm2z846lkIEe8A==":"about1-533x415.jpg","HjiJ/7GDq2zNNEgubmBFlg==":"wrtgeg-2-1400x1400.png","zvusvbD1RNoP5KnfBHc+mA==":"ajza-1772x1772.jpg","lIC3syvfWNZeuA71aCHx4g==":"saaat-1772x1772.jpg","3i0kOFoxqMO/M6jmEC2NaA==":"photo_2017-12-20_15-44-28-640x640.jpg","MT1M0ZvdCziwrARCRTbP/A==":"d4b7f98a9800ef39e4ef7111a163dbb8-1024x576.jpg","mwMMfyhLsAj2KOaqtnekFA==":"powermill%20vortex-660x348.jpg","3RZdI3mZmtT7o695FtcmyA==":"%DB%8C%D8%B4%D8%B3%DB%8C-660x348.jpg","KivYq9P52TQDFzyXVvSuNA==":"%D8%B4%D8%B3%DB%8C%D8%B4%D8%B3%DB%8C-660x348.jpg","+SBhxOBl4vr/FKjh9uwkcw==":"%D8%B4%D8%B3%DB%8C%D8%B6%DB%8C%D8%B6%D8%B5-660x348.jpg","F1zy0XwLLAYg7Kwsw9IPrQ==":"back%20photo-1999x1375.jpg","NMNXj6/GqZQYqaDWviNlYw==":"back%20photo-1999x1375.jpg","rIuYar4wsnpWLsckizy7Mw==":"photo_2018-02-19_10-30-39-1999x939.jpg","/cfrFJer/cdfPOyn3MdW1w==":"asdasd-1999x1375.jpg","Y06p7yMovmrkB/SwFgEQqA==":"%D8%AB%D8%B5%D9%82%D9%84%D8%AB%D8%B5%D9%82%D8%AB%D9%82%D9%82%D8%AB%D9%84%D9%82%D8%AB%D9%84%D9%82%D8%AB%D9%84%D9%82%D8%AB%D9%84-1999x1375.jpg","chp8376LtLiOI0X37UpQSw==":"ghaleb%20tazrigh%20hico-2000x1375.jpg","+EghGkgX2/XWCDy1ioX77g==":"kafshak%20chodani-1999x1375.jpg","vxc9ZFdSWZHz1M4dZKj7vg==":"felanch-2000x1375.jpg","WdE7hWWlzfmyV8pBrqLp1Q==":"nasb%20ring%20va%20bosh-2000x1375.jpg","Q2xikE8ZDanx5izOiNOJQQ==":"kafshak%20foladi-2000x1375.jpg","FmDOKMsny742kWMikqPDNA==":"felanch-2846x1957.jpg","jJUo8SCOCnrB2R/czj2J7Q==":"vijegihico-3171x3465.png","8i9jlhXj5EUaHehLgUyIow==":"code%20safhe%20ha-2800x666.jpg","tsuRkd6hAvugVTsqINe2rA==":"kafshak%20chodani-3779x2599.jpg","Rf6k1/dc0SF7OWZKtWPT2g==":"kafshak%20foladi-2846x1957.jpg","t7PsXzUu4odRC6WwaXspGA==":"3d%20home-3779x2599.jpg","BEFrwk79GFEm5rybA+vq9w==":"nasb%20ring%20va%20bosh-2846x1957.jpg","FIG/3iTk/fueCeeTWsKCBw==":"khashen%20tarashi%201-2846x1957.jpg","b+G67ZQdXPqxOU59MKCDUQ==":"safheparan-2846x1957.jpg","XLFQA5z2oeTWBYRMy8MRzA==":"moshtari%20(4)-1168x1218.png","wB8RlVknrZQgGM3PMqrbbA==":"telegram-3-650x300.png","yqoT8H38FLSUUfS+7fhXHQ==":"ghaleb%20hico-2000x1375.jpg","25ODovSeAVXn/GKg8nF4Zg==":"porsesh%20va%20pasokh-2000x1149.jpg","9YYXExsleck7jD5YBLznVg==":"darsad-2000x1149.jpg","hJoweODUI9lQHovGNFb8Iw==":"khashen%20tarashi%201-2000x1375.jpg","tDXnmRcmz0NlpQLg5iRjcA==":"raf%20(1)-1999x1375.jpg","VIZDyunGIEjxR+FQ2PsW5Q==":"raf%20(2)-1999x1375.jpg","bH3sIP+vWPlRPRu5aUr+1w==":"raf%20(3)-1999x1375.jpg","4aZ+cEFO5f3/ZtfMweNw2w==":"raf%20(4)-1999x1375.jpg","SQTKkeS9yjgrUWc/zRgugg==":"raf%20(5)-1999x1375.jpg","FLzIg1mo9YVM3o2Kvy/d9w==":"raf%20(7)-1999x1375.jpg","3MRBEZ/14l2vGBiU1P0ZTQ==":"raf%20(6)-1999x1375.jpg","6XoMlv8XOvN9ByiB37YHRQ==":"safheparan-2000x1375.jpg","14j2/UGl79OvN13kof6o2Q==":"keshoei%20(1)-2800x1763.jpg","gU3CK/M+kLVh+IT6n07vZg==":"keshoei%20(1)-2800x898.png","O6gyvj8GuHvCfK8vFvFJVg==":"keshoei%20(2)-2800x1831.png","lxoDdbdnI/wW04UXjP4bLA==":"keshoei%20(3)-2374x1494.png","dF53/XMSI9r53s/SzBjOHQ==":"keshoei%20(1)-3043x1398.png","RilHmrbLOsdTPr5GmzRDEQ==":"keshoei%20(1)-3043x1398.png","aTw30DRGd19OvqRnMubqkQ==":"badi-1024x1024.jpg","fLNAGSv4rR/V7ZHcFHaduA==":"mil-2-1999x1375.jpg","Uo62QanN5q5WM/vxUB12AA==":"mil-1-3779x2599.jpg","ByuBW4mnWGVpMIQTF87c2Q==":"espero-1999x1375.jpg","fOkszew4IhQDnR9N0bVhJA==":"espero-3779x2599.jpg","f0Gf8xraOWtG4UZstR/ggg==":"ring%20(2)-5760x3840.jpg"}